,author,pros,cons
0,Bruna Bianchini,"Faculdade extremamente f√°cil de localizar e super segura, os professores s√£o muito capacitados e a nota do MEC √© √≥tima, muitas chances de empregabilidade!","As salas deveriam ser mais limpas, iluminadas e se poss√≠vel com microfones em todas as salas, e ventiladores"
1,Bruna Rodrigues,"Professores √≥timos, excelente nota no MEC, boa localiza√ß√£o, al√©m de ser uma faculdade bem reconhecida. Professores bem capacitados, estrutura √≥tima.",N√£o h√° pontos negativos. Apenas melhoraria alguns equipamentos! Melhoraria a ilumina√ß√£o e colocaria mais ar condicionado
2,M√°rcia Dias,"O ensino √© o ponto mais positivo da universidade, √≥timos profissionais, tanto no did√°tico como funcion√°rios.
Apoio e recursos dispon√≠veis aos alunos.","Negativo √© a estrutura das salas, os ventiladores s√£o barulhentos e as cadeiras e mesas poderiam ser mais confort√°veis. A rede do wi-fi deveria ter mais alcance e velocidade, ou mais redes."
3,Eug√™nio Castro,Gostei do local tem boa estrutura acesso f√°cil e pela as informa√ß√µes que busque os professores s√£o √≥timos pra ensinar √© isso que eu quero aprender bastante com os professores e os colegas as cadeiras s√£o boas o laborat√≥rio de inform√°tica est√° √≥timas condi√ß√µes de uso,Ainda √± encontrei esses pontos de negatividade na Unip gostei do local creio eu que vou aprender muito desta estitui√ß√£o foi uma indica√ß√£o de colega de trabalho √± reparei muita
4,Willian Gon√ßalves,"Professores s√£o muito capacitados e a maioria dominam as mat√©rias em quest√£o.
Mas ao aluno que est√° iniciando √© uma √≥tima oportunidade.
Os funcion√°rios da secretaria s√£o bem receptivos.","Distribui√ß√£o de informa√ß√£o por parte da coordenadoria com os alunos.
Muitas vezes temos que ir atr√°s de muita informa√ß√£o. Onde, o coordenador do curso, n√£o nos alerta em quase nada."
5,Giovana Rolo,"A localiza√ß√£o √© muito boa, os professores s√£o os melhores e muito renomados. Pra alguns cursos a empregabilidade √© √≥tima mas pra Direito nao muito, mas √© culpa dos escrit√≥rios que n√£o dao chance pra faculdades mais baratas","O sistema de EAD √© p√©ssimo, n√£o abaixam a mensalidade mesmo a gente tendo q assistir aula online. Nenhum aluno acha justo isso."
6,Edson Santos,"Professores capacitados, bom lugar, bem localizado, f√°cil acesso ao ambiente virtual.
Sempre que necessito e a universidade ajuda e tirar as d√∫vidas.","O √∫nico ponto negativo, foi a dificuldade que a universidade teve para se adequar a pandemia, mas aos poucos vai se modificando."
7,Amanda Santos,"Acredito que um dos pontos positivos da Unip √© acessibilidade do campus, proximo ao metr√¥ e pontos de √¥nibus e isso √© muito relevante, quando temos que conciliar trabalho e faculdade, as salas s√£o grandes e acomoda muito bem 100 alunos e possuem palcos onde o professor fica vis√≠vel para todos, os professores s√£o bem preparados, trazem exemplos com viv√™ncia de carreira e isso particulamente me ajuda muito, pois consigo enxergar e empregar os estudos a teoria em situa√ß√µes no dia a dia do meu trabalho, √© bacana tamb√©m o incentivo e as palestras que trazem para a turma que inclusive j√° ajuda nas horas complementares que devemos entregar, at√© 8 semestre, eu j√° tenho 40h complementares com palestras que a Unip indica e traz e √© uma melhor que a outra.","Como tudo na vida a Unip tem pontos a serem melhorados, os banheiros n√£o s√£o higienizados o suficiente para a quantidade de alunos, a demora na entrega da carteirinha √© ponto de melhoria tamb√©m, fiquei mais de 3 semanas usando o provis√≥rio e tendo que renovar isso me fazia perder tempo na fila da secretaria."
8,Evelyn Suzuo,"A universidade conta com √≥timo profissionais que s√£o extremamente comprometidos e capacitados, contando tamb√©m com uma √≥tima infraestrutura e uma biblioteca e laborat√≥rios muito bem equipados, garantindo a melhor experi√™ncia e aprendizagem.","Neste momento de pandemia, onde todo aux√≠lio √© bem vindo, a universidade n√£o proporcionou qualquer desconto se quer para os estudantes, onde quem paga a mensalidade presencial, est√£o tendo aulas Ead, e a universidade j√° cortou v√°rios gastos como aluguel, energia, √°gua, etc..."
9,Ana Carlos,"A organiza√ß√£odo do material e conte√∫dos s√£o excelentes,de √≥tima qualidade, atualizado e boa compreens√£o. Outro ponto positivo, √© o imediato retorno por parte da Institui√ß√£o quando √© solicitada alguma demanda.","Um maior acompanhamento por parte dos professores no aprendizado dos alunos. Apesar de ser um curso a dist√¢ncia, como sabemos o progresso do aluno acontece de forma aut√¥noma, mas considero important√≠ssimo um contato mais estreito entre professores e alunos, isso da mais seguran√ßa, motiva√ß√£o e est√≠mulo ao cursista."
10,Larissa Guerra,"A unip √© uma faculdade muito receptiva, tem um √≥timo atendimento ao aluno, resolvem as coisas com praticidade. Al√©m de ter uma estrutura impec√°vel e muito segura.","Na unip tem muita gente em uma sala s√≥, dificultando a intera√ß√£o na aula, a vis√£o aos slides no projetor √© ruim, pois fica diretamente na lousa."
11,Gabriela Moro,"Os professores s√£o bem amig√°veis e ao mesmo tempo t√©cnicos, conseguindo deixar as aulas mais leves, assim tendo facilidade e domina√ß√£o na hora de explicar a sua mat√©ria. O ambiente de estudo √© excelente, tem bastante seguran√ßa e as salas s√£o bem espa√ßosas com suporte de at√© 120 alunos. Antes da pandemia 2 amigos meus conseguiram est√°gios com facilidade, no meu caso eu ja trabalhava na √°rea onde estou cursando.","O √∫nico problema que eu posso estar relatando √© que a minha carteirinha s√≥ podia ser feita ap√≥s eu entregar o meu hist√≥rico do ensino m√©dio, e como terminei recentemente o hist√≥rico demorou em torno de 4 meses para ficar pronto, e nesse tempo tive que enfrentar filas gigantes diariamente para retirar a autoriza√ß√£o para conseguir entrar em sala de aula."
12,Ana Nascimento,"Professores excelentes e com bom empenho de ensino,materiais bem elaboradas e aulas com temas muito claros .","N√£o tenho o que reclamar,Unip estar tentando levar o melhor pros alunos em meio a uma grande pandemia ent√£o n√£o tenho nada de negativo."
13,Nicole Sartori,"Salas de aula espa√ßosas,patio de alimenta√ß√£o amplo tanto em espa√ßos como em alimentos que vc pode est√° adquirindo varios banheiros em condi√ß√µes boas,laborat√≥rios,salas de inform√°tica,salas de estudo com wifi,biblioteca para vc que talvez n√£o pode comprar livros ou at√© mesmo queira olhar! Tudo isso vc encontra na unip universidade paulista sp","Eu diria que negativo seja o lugar que ela se encontra n√£o √© bem na cidade em frente tem varios bares,mais todos os √¥nibus levam e trazem ent√£o apesar de ser mais isolada por se encontrar em uma ‚Äúfazenda‚Äù n√£o diria que o acesso √© dif√≠cil mais acredito que pontos negativos existam em todos os campus,n√£o s√£o pontos negativos importantes, mais para maior seguran√ßa de todos a unip possui policiais em frente a entrada do campus"
14,Barbara Paula,"Eu adoro a did√°tica e aten√ß√£o dos professores, sempre compreendendo o lado do aluno e tentando ajudar no m√°ximo que for poss√≠vel.
Localidade super acess√≠vel!","Poucas aula pr√°tica, deveriam repensar a quantidade de idas aos laborat√≥rios pois s√£o de extrema import√¢ncia para a vida profissional do aluno."
15,Michelle Cavalcante,A qualifica√ß√£o dos professores e a localiza√ß√£o.,"Salas de aula precisam melhorar, carteiras desconfort√°veis, ventila√ß√£o insuficiente. Mas a quest√£o tecnol√≥gica das salas de aulas (som, ilumina√ß√£o, Projetor) √© de boa qualidade."
16,Nath√°lya Souza,"A UNIP √© muito organizada, uma faculdade em que at√© ent√£o tem prestado todo ensino da melhor forma poss√≠vel, fazendo com que os alunos adquira o melhor conhecimento solucionando todas as d√∫vidas, nos preparando para o mercado.","Durante a pandemia a UNIP n√£o foi flex√≠vel em raz√£o ao momento que estamos passando, n√£o nos deu um desconto na mensalidade, dando apenas uma outra forma de pagamento atrav√©s de cart√£o de cr√©dito, por√©m UNIP, entenda que nem todos possuem cart√£o de cr√©dito e independente de quantas vezes eu divida o valor, terei que pagar."
17,Ana Amantino,"A sala de aula √© ampla, os professores muito comprometidos. At√© o momento foram menos de 2 meses de ensino presencial devido a pandemia mas as aulas continuaram online ao vivo com possibilidade de tirar as d√∫vidas com os professores em tempo real e al√©m disso foram disponibilizadas aulas gravadas de todas a mat√©rias e mais material escrito e biblioteca virtual. Outro ponto √© que n√£o houve aumento da mensalidade no segundo semestre, o que foi muito positivo para auxiliar-nos a continuar o curso.","N√£o posso relatar nada de negativo, pois at√© o momento n√£o tive nenhuma experi√™ncia negativa, recebi todas as informa√ß√µes necess√°rias desde a matr√≠cula, n√£o tive problemas com carteirinha ou pagamento das mensalidades ou qualquer outra situa√ß√£o que pudesse constar aqui como negativa."
18,Mayara Martins,"As salas de aulas s√£o grandes, com ar condicionado e tem um amparo tecnol√≥gico legal, ajuda no ensino e os professores s√£o maravilhosos. O atendimento na Secretaria √© bom","N√£o tenho cr√≠ticas negativas para fazer, pois a institui√ß√£o √© bem organizada, tem bom acervo de livros, estrutura legal e professores bons."
19,Fernanda Yamaguti,"Sempre procurando dar o melhor para n√≥s, e tenham tamb√©m tentar entender os alunos ..N√≥s alunos muitas vezes j√° somos pais e m√£es e queremos dar o melhor de n√≥s eu fa√ßo psicologia estou no 3 anos e sempre me informo sobre como melhorar mais para ser √≥tima profissional e fazer a diferen√ßa..",Negativo deveriam melhorar a plataforma porque quando fazemos provas on-line ou exerc√≠cios avezes estamos ficando sem nota devido plataforma cair v√°rias vezes esse √© um ponto negativo √© seria para n√≥s alunos ..
20,Emilio Junior,"Ambiente bom para estudo, estrutura favor√°vel, professores muito atenciosos e com muito conhecimento do mercado, fiquei tamb√©m muito impressionado como os professores d√£o aten√ß√£o para o que os alunos acham o que seria interessante.","Poucos pontos negativos, somente referente a localiza√ß√£o."
21,Nathani Camargo,"Faculdade UNIP de Goi√¢nia, tem uma estrutura excelente, ar condicionado, possui uma academia dentro da faculdade ontem temos muitas aulas pr√°ticas, os laborat√≥rios tem uma estrutura nota 10, √†s salas possuem bastante espa√ßos, estacionamento √© amplo, f√°cil acesso, professores capacitados.","Um lado negativo para o curso de educa√ß√£o f√≠sica, √© que n√≥s precisamos ter aulas pr√°ticas n√£o s√≥ em academias, mas em quadras, e o clube onde temos essas aulas √© longe da faculdade, dificultando um pouco a locomo√ß√£o para alguns alunos que fazem a faculdade e moram no interior e vem para a faculdade todos os dias. A faculdade possui duas entradas, pois temos dois blocos separados, a entrada pela BR n√£o tem acessibilidade para cadeirantes que n√£o tem carro, eles tem que descer pela mesma rampa que os carros, por√©m para entrar nos BLOCOS ah acessibilidade e dentro dos blocos tamb√©m."
22,Jorge Teruya,"Como pontos positivos a infraestrutura, organiza√ß√£o, limpeza, oferece excelentes lugar para estudar fora da sala de aula como sala de estudos, laborat√≥rios de inform√°tica e biblioteca.","Atribu√≠rem v√°rias aulas para o mesmo professor sendo que n√£o tem did√°tica para dar aula, al√©m de usar material de outros professores apenas l√™ slides e d√° como mat√©ria dada."
23,Rosana Jesus,os professores s√£o de extremo profissionalismo e se dedicam de verdade.,"a administra√ß√£o em si, deixa muito a desejar"
24,Ismael Sousa,Professores preparados para instruir os alunos em sua forma√ß√£o. Ambientes climatizados bem aconchegante. Biblioteca com √≥timo acervo,At√© o momento s√≥ tenho a apresentar algo de positivo. nada de negativo a apresentar sobre a Unip. Quando precisei de estacionamento ou de acesso a √¥nibus.
25,Karen Ara√∫jo,"Os professores s√£o bem atenciosos, a estrutura para o ensino √© muito boa , n√£o tenho do que reclamar.","Agora na quest√£o da coordenadoria √© p√©ssima, eles nunca solucionam o problema ! O atendimento dos colaboradores √© de p√©ssima qualidade."
26,Jos√© Tavares,"Professores excelentes, lanches na cantina com valores dentro do normal, excelente localiza√ß√£o e tudo bem limpo, salas bem compat√≠veis com o n√∫mero de alunos.","Muita demora para responder emails, elevador demora muito, secretaria online praticamente n√£o resolve seus problemas, n√£o vi uma parceria de empregos para a √°rea do meu curso."
27,Maria Alencastro,"As/os professoras/es, a Biblioteca, o estimulo para complementar os dados que nos s√£o passados para um maior conhecimento.",O conforto das poltronas utilizadas para assistir as aulas.
28,Mayara Assis,"Salas espa√ßosas, com bastante carteiras, professores qualificados e comprometidos.
Um p√°tio grande e uma √≥tima biblioteca.","As filas nos intervalos s√£o grandes, a secretaria demora para atender, seja presencial como telefone."
29,Reginaldo Nascimento,"Foi uma grande surpresa estudar na UNIP Ch√°cara, uma grata surpresa, boa estrutura, √≥timos professores e boa localiza√ß√£o. E ent√£o veio a Pandemia e o isolamento, e a UNIP de novo mais uma grata surpresa, alunas online ao vivo com os meu professores, emprenhados em ensinar e nos confortar em todos os sentidos. Sim a UNIP eu recomento e est√° passando comigo por esta Pandemia da melhor forma, ensinando. O pre√ßo pra mim √© √≥timo e com o quero bolsa tamb√©m ficou melhorar ainda. Falando mais ainda sobre a localiza√ß√£o a Unidade Ch√°cara Santo Antonio, esta a duas quadras da esta√ß√£o de metr√¥ e da Avenida Santo Amaro com √¥nibus para toda a cidade. Os professores s√£o √≥timo no meu curso de direito a coordena√ß√£o do curso sempre est√° por perto dando o apoio necess√°rio.","O que eu melhoraria, somente uma limpeza mais intensa nos banheiros por conta da rotatividade, tamb√©m nos corredores e salas de aula"
30,Amanda Neres,"Os professores em sua maioria s√£o excelentes, trazem temas e discuss√µes para as aulas extremamente pertinentes. Tem conhecimento bom e amplo sobre diversos assuntos, s√£o atenciosos e sempre dispostas para tirar d√∫vidas.",As cadeiras de algumas salas deixam uma dorzinha nas costas. O banheiro precisa de mais estrutura para atender a grande demanda de alunos e o atendimento na secretaria poderia ser mais satisfat√≥rio.
31,Patrick Davi,"As salas de aula s√£o espa√ßosas, bem climatizadas, o sistema de ensino √© bom, professores muito bem capacitados e com boa rela√ß√£o com alunos","Infraestrutura poderia ser melhor, o teto dos corredores est√° sempre mofado e com goteiras, as vezes vazamento de √°gua. Os softwares na faculdade n√£o s√£o originais e a faculdade n√£o d√° parceria com demais plataformas para o uso de ferramentas como o pacote Adobe. O atendimento na secretaria tamb√©m √© horr√≠vel, voc√™ nunca consegue resolver algo com a secretaria pessoalmente."
32,Sarajane Oliveira,"Considero como uma institui√ß√£o inclusiva, o que diferencia de todas as outras institui√ß√µes privadas. Qualquer pessoa, mesmo com uma renda informal, que n√£o esteja em √≥tima situa√ß√£o financeira, pode ingressar nos cursos que ela oferta. Pois √© a que mais difere em custo de mensalidades do mercado educacional. Sem contar, que tive professores excelentes com vasto saber e s√£o dedicados.","A infraestrutura. Por ter espa√ßo pequeno, o que torna as salas apertadas e quadros pequenos."
33,Fernando Cardoso,"Bom, o ponto mais positivo da UNIP sem duvida alguma s√£o os excelentes professores, a grande maioria d√£o o melhor de si para que o aluno aprenda, a faculdade em si tem um √≥timo material did√°tico, salas enormes, bons laborat√≥rios, uma boa biblioteca. estudo na UNIP Tatuap√© e gosto muito da minha faculdade, eu gostaria de saber como s√£o as outras porem s√≥ estudo nessa e recomendo a todos.","Bom, os pontos negativos como quase todo mundo sabe √© a desordem da secretaria, muitas vezes demoram muito tempo para resolver seu problema, funcion√°rios que fazem muito corpo mole, outro problema √© a quantidade de aulas que temos antes de casa prova, per√≠odo muito curto, normalmente o tempo √© de um m√™s e meio de aula ate que chegue as semanas de provas, apos essas primeiras provas temos mais um m√™s pra demais provas, por outro lado temos mais de dois meses de ferias, acho que deveria ser revisto a quantidade de aulas antes de cada prova"
34,Stephanie Ligar,"Tem variedade de cursos, podendo assim ter uma op√ß√µes mais ampliada na hora de escolher o que cursa. O refeit√≥rio cont√©m variedade de cantinas, dando a oportunidade do aluno de escolher na onde comer e o que comer. Possui uma ""papelaria"" dentro do campus, facilitando o aluno na hora de querer encadernar os trabalhos, imprimir e coisas do tipo. Os professores s√£o legais e voc√™ se sente mais confort√°vel para dar uma opini√£o. Todo semestre tem uma folha de avalia√ß√£o dos professores apontando pontos positivos, negativos e o que precisa melhorar. Os banheiros s√£o limpos e distribu√≠dos muito bem pelo campus.","Os professores s√£o bons, por√©m √© muita teoria pra pouca pr√°tica. As informa√ß√µes s√£o passadas muito r√°pida, tem muita historia de vivencia e esquece de ampliar sobre o mercado de trabalho em si, as mat√©rias se resumem em power point e a forma de aula √© ""arcaica"", esquecendo que cada aluno aprende de uma forma diferente e n√£o mostra interesse de melhorar as aulas e forma de ensino. Pra quem √© da √°rea da tecnologia sente a necessidade de um laborat√≥rio adequado. No calor, √© complicado ficar em sala com mais de 90 alunos (dependendo do curso), pois os ventiladores n√£o ventilam o suficiente e chega a ser sufocante ficar em sala. Pra uma faculdade particular precisa melhorar os laborat√≥rios de informatica, as salas de aula (colocando ar-condicionado) e tamb√©m a demora para retirar algum documento importante na secretaria."
35,Giovana Santos,"Otimo professores, bem localizada, grande acervo na biblioteca, predio acess√≠vel, boa aceita√ß√£o nas entrevistas que fiz para est√°gio, inclusive a Universidade disponibiliza um mural de vagas, al√©m da oportunidade de estagiar na propria universidade","N√£o tem enfermaria, nos casos de emerg√™ncia. Deveriam aumentar a quantidade de laborat√≥rios, quando √© √©poca de prova, fica imposs√≠vel de utilizar os computadores."
36,Giovana Gon√ßalves,"Pude observar que os professores s√£o muito competentes e comprometidos com o ensino dos alunos.
A Unip providencia espa√ßos √≥timos para os alunos em geral, tanto para estudos quanto para espa√ßos p√∫blicos de socializa√ß√£o.","O site da Unip fica ""fora de ar"" frequentemente e assim como o primeiro acesso ao site √© muito demorado e muitas vezes se faz necess√°rio ir pessoalmente no campus para resolver"
37,Jessica Almeida,"√ìtimos professores, din√¢micos e comprometidos. O fato da Unip oferecer aos alunos um fretado exclusivo e gratuito, por quest√£o de seguran√ßa dos alunos √© um diferencial enorme que fidelizar e mostra o quanto a Universidade se preocupa com aqueles que s√£o as pe√ßas chaves do local.
Parab√©ns","Salas de aula muito quentes com excesso de alunos, deveria ter sistema de ar condicionado central ao inv√©s de ventiladores velhos."
38,Caio Ferreira,"Estrutura √≥tima e de f√°cil localiza√ß√£o pr√≥xima ao metr√¥, professores atenciosos e qualificados, focada em ensinar o que o mercado exige","Falta de cadeiras e salas muito cheias com cursos diferentes na mesma sala, falta de comunica√ß√£o sobre a grade hor√°ria e demais informa√ß√µes sobre o curso."
39,Maur√≠cio Pereira,"O espa√ßo √© muito bom, quadras de atividade f√≠sica, academia, salas grande e lousas muito boa, pre√ßo acess√≠vel e professores dedicados.","N√£o tem ar condicionado nas salas, elevadores demora as vezes, coordena√ß√£o um pouco mal organizada. Por√©m quando falamos de estudo e futuro, muitas vezes nem nos importamos para esses detalhes, queremos estudar e buscar um futuro."
40,Sabrina Dias,"Otima faculdade vivendo um momento incr√≠velüòç
E uma faculdade amaravilhosa
A UNIP d√° oportunidade as pessoas que n√£o t√™m condi√ß√£o de pagar um valor absurdo para se formar a Unip d√° oportunidade de um aluno de qualquer idade se formar e da condi√ß√£o para que isso aconte√ßa a Unip da os valores que cabe no nosso bolso.‚ù§
Os professores s√£o eficientes Faculdade Unip aqui voc√™ pode realmente aqui eu posso e Eu vou me formar Deus acima de tudo‚ù§","As aulas de enfermagem s√£o muito tarde deveria ter um tudoas cedo tipo das 18:30
Eu moro no marabaixo e fica muito complicado esse hor√°rio alem de sair tarde as segunda-feira e quarta-feira saio as 22 horas ainda tenho que andar 5 quarteir√£o a p√© pra poder peg√° o √¥nibus.
Na minha opini√£o deveria ter um hor√°rio mas cedo para enfermagem."
41,Gabriel Jacob,"Os professores s√£o fant√°sticos, quando entrei na faculdade, havia sa√≠do da escola a muito tempo, a inseguran√ßa de voltar a estudar √© grande, mas o que me surpreendeu, foi os professores entenderem isso completamente, fora do curso tem in√∫meras vari√°veis que podem nos atrapalhar e atrasar nos estudos, mas eles entendem e nos ajudam para que nada nos separe de nossos sonhos.","No meu caso estou esperando a carteirinha a 2 meses e infelizmente ainda n√£o foi entregue.
Quando fiz minha matr√≠cula as aulas eram estipuladas um determinado hor√°rio, por sorte meu curso cumpriu o q me foi garantido, mas algumas pessoas n√£o deu tanta sorte, e acaba chegando atrasada, perdendo material importante no estudo."
42,Helic√©lia Silva,"√ìtima estrutura, facilidade para ingressar, pre√ßos acess√≠veis e diversas cursos oferecidos pela institui√ß√£o.","Did√°tica de alguns (pouqu√≠ssimos) professores deixa a desejar. E todas as provas com 2 quest√µes discursivas, usando seria interessante serem objetivas."
43,Edna Silva,S√≥ a localiza√ß√£o.,"Eles n√£o ensinam, nem prepara o aluno para o mercado de trabalho, das 3 turmas de mesmo segmento do meu curso dizem n√£o saber o que fazer quando se formar.
Tem poucos professores realmente qualificados, muita diverg√™ncia de informa√ß√£o na secretaria enfim, foi dois anos da minha vida perdidos e dinheiro jogado fora."
44,Patr√≠cia Cunha,N√£o tive nenhum problema com a faculdade muito pelo contr√°rio sempre que precisei resolver alguma coisa ou tirar alguma d√∫vida sempre fui muito bem atendida pelos funcion√°rios e pela coordena√ß√£o,Para marcas as provas de dp quando s√£o on line que fica um pouco dif√≠cil para marcar pois os hor√°rios para os s√°bados acabam r√°pido e pra mim fica melhor aos s√°bados para realizar as provas
45,Lais Machado,"√ìtimos laborat√≥rios, bem organizados com funcion√°rios bem preparados para tal fun√ß√£o, por ter funcinarios nos laborat√≥rios podemos agendar para estudar neles, ou seja fica aberto para os alunos. Professores bem capacitados, seguem o plano de ensino, assim n√£o perdemos nada de conte√∫do da grande de nossa forma√ß√£o.","As salas n√£o s√£o padronizadas, ent√£o muitas vezes somos redirecionados para outra sala por falta de espa√ßo na anterior, isso causa desconforto e perdemos tempo de aula. A salas n√£o tem ar-condicionado."
46,Alice Pedroso,"Todas as salas possuem √≥tima estrutura, lugares arejados e com professores e coordenadores desempenhados para atender os alunos.","No come√ßo do semestre, a fila de espera da secretaria √© enorme e √© grande a demora no atendimento de l√°."
47,Wilma Silva,"‚Ä¢Professores capacitados
‚Ä¢hor√°rio bom para quem trabalha
‚Ä¢Boa estrutura, com acessibilidade(elevador)
‚Ä¢secretaria no polo
‚Ä¢mensalidade a pre√ßo popular
‚Ä¢localiza√ß√£o com muitos √¥nibus para acesso (com paradas de √¥nibus pr√≥ximas)
**Um ponto muito positivo √© que nas sextas (aula EAD), a faculdade com um pedido pr√©vio, sede salas para estudo dos alunos! Ou seja, uma faculdade que atende as necessidades do aluno.
** A secretaria do polo banc√°rios, muito flex√≠vel e receptiva, busca atender as demandas dos estudantes.
** site muito eficiente, podendo at√© renegociar parcelas de mensalidade atrasadas","No meu ponto de vista, eu melhoraria o material EAD que √© bem vago, e mon√≥tono, poderia ter v√≠deo aulas mais din√¢micas e materiais mais atuais. Acompanhamento dos funcion√°rios mensalmente, acho que alguns feedbacks poderia mudar algumas falhas."
48,Tamires Ordonio,"As salas s√£o amplas, √≥timos professores, ar condicionado em todas as salas, ilumina√ß√£o √≥tima, √≥tima localiza√£o, perto dos metr√¥s que ligam linhas importantes para quem vem de longe.. As mat√©rias s√£o bem aplicadas, e bem explicadas pelos professores, pessoal simp√°tico e bem receptivo.","Secret√°ria sempre muito cheia, e muitas filas. O ar condicionado nem sempre √© ligado, tem que ficar solicitando. Salas as vezes muito lotadas, o que acaba atrapalhando na comunica√ß√£o entre o professor e o aluno. As catracas as vezes param de funcionar, e fica um caos para entrar, tem que ficar testando. Tirando essas observa√ß√µes, acredito que ainda sim seja uma boa op√ß√£o para quem procura uma faculdade."
49,Vivaldo Silva,"Localiza√ß√£o √© boa, bem central na Av. Treze de Maio, os hor√°rios dos cursos s√£o ideais para quem tem compromisso no decorrer do dia,as salas de aulas s√£o climatizadas por sinal muito bom, o lado ruim s√£o as cadeiras algumas em p√©ssimo estado e sem conforto.","Alguns professores s√£o bastante qualificados, agora outros pelo que observei ta mas preocupado com a hora do que em passar o conte√∫do. A estrutura peca na entrada e sa√≠da de alunos, como tem bastante aluno deveria ter algu√©m orientando ou eles redimensionarem por onde entra e por onde sa√≠, pois fica muita gente nas escadas subindo e descendo simultaneamente que acaba que ningu√©m vai para lugar algum."
50,Carley Jonathan,"Estrutura e localiza√ß√£o excepcional. A universidade possui um grande √≠ndice de empregabilidade e quando se trata de universidades privadas √© considerada uma das preferidas do mercado de trabalho.

Indico a universidade.","O sistema online da universidade √© muito inst√°vel, muita das vezes n√£o consigo operar dentro do aplicativo pois da alguns erros."
51,Guilherme Cortez,"Do semestre que completei, o 1¬∫ do curso Ci√™ncias da Computa√ß√£o, posso dizer que a Unip Limeira conta com boa infraestrutura e professores atenciosos. Todos disponibilizam ao menos um meio de contato. As mat√©rias s√£o bem explicadas, sem que fiquem entrelinhas no ar.
Os laborat√≥rios de inform√°tica t√™m ar condicionado, e atendem bem.
A infraestrutura atende, minha turma √© grande e a sala nos acomoda bem.
A secretaria resolve problemas e tira d√∫vidas.
H√° uma biblioteca que conta com cadeiras confort√°veis e acesso a diversos livros.","Ponto negativo para salas sem ar condicionado. Por estudar √† noite, n√£o passei calor, mas creio que seja um tanto inc√¥modo para quem estude de manh√£, ainda mais no ver√£o, por exemplo.
Um problema √© o sistema da Unip de Limeira, me refiro √† plataforma on-line, que vai al√©m de ser aonde voc√™ responde √† question√°rios (EaD) e acessa a biblioteca, l√° voc√™ tamb√©m tem acesso √†s suas notas. O problema √© que esse sistema apresenta alguns erros, como um que aconteceu comigo, quando o professor lan√ßou a nota da P2, a nota da P1 sumiu, o que s√≥ foi resolvido ap√≥s eu entrar em contato diretamente com o professor."
52,Alison Sosa,"Eu como aluno na institui√ß√£o me sinto confort√°vel na sala de aula todas salas s√£o climatizadas, a unip tem uma norma que e colocar alunos aleat√≥rios na mesma sala de aula para ter mais interatividade entre a turma, eu acho essa ideia brilhante conheci novas pessoas e me interajo com todas elas. Para quem vai fazer o curso de enfermagem a institui√ß√£o oferece dois laborat√≥rios, o de enfermagem e de anatomia onde os alunos poder√£o usufruir com materiais realista de ultima gera√ß√£o, a unip fez um grande investimento para dar o melhor para os alunos.
A recep√ß√£o e a coordena√ß√£o s√£o praticas e flex√≠veis, eles fazem o poss√≠vel e o imposs√≠vel para ajudar os alunos, se voc√™ for pedir algum documento ou declara√ß√£o eles j√° fazem todo procedimento o mais r√°pido poss√≠vel para entregar para o aluno, sem contar que eles entregam os boletos da mensalidade na sala de aula todo o m√™s, para ficar mais pr√°tico para o aluno.
fora isso a localidade da institui√ß√£o e √≥tima tendo por perto lanchonetes e parada de √¥nibus, com a parada de √¥nibus praticamente do lado da institui√ß√£o, fica ainda mais f√°cil para o aluno que utiliza transporte publico.
Os professores s√£o incr√≠veis gosto de todos eles! todas aulas eles trazem um conte√∫do novo e interativo a turma inteira participa e amam as aulas, e voc√™ consegue absorver todo conte√∫do passado na sala de aula e todo conte√∫do e abordado para o ramo profissional assim agente se capacita mais para o ambiente de trabalho. Eu aconhece lho com toda certeza a faculdade unip para um amigo!","O √∫nico ponto negativo que tenho a abordar, e o laborat√≥rio de informatica porque nem todos os computadores est√£o funcionado, e tem v√°rios alunos que n√£o tem acesso a internet em casa, e eles precisam utiliza os computadores para fazer trabalhos e pesquisa, e isso acaba dificultando a vida desses alunos na institui√ß√£o."
53,Let√≠cia Manoel,"Estudava em outra faculdade e ela estava meio que falindo. Os professores de l√° sempre falavam bem da UNIP, pois tinha uns 2 professores que davam aula l√° tamb√©m. 2 amigas pediram transfer√™ncia e recomendaram a UNIP, sendo assim, pedi transfer√™ncia tamb√©m e ME ARREPENDO DE N√ÉO TER COME√áADO ANTES.
Os professores s√£o maravilhosos, tem profiss√µes que inspira muito a gente a estudar e passar em concurso publico para ter a mesma profiss√£o. Eles s√£o demais!","O ponto negativo da UNIP √© que as salas n√£o possuem ar condicionado.
O meu campus √© da Anchieta e o acesso √© um pouco complicado por conta de onde para o √¥nibus, temos que atravessar uma passarela e andar perto de um rio cheio de mato, mas isso n√£o √© problema da faculdade, por√©m, poderiam pedir ajuda do governo para melhorar um pouco essa parte.

Sendo assim, o √∫nico problema DA UNIP √© a falta do ar condicionado."
54,Marcela Santos,"Consegui um est√°gio por causa da faculdade.
Me sinto confort√°vel e motivada pela infraestrutura do local.
Fiz bons e grandes amigos.","A log√≠stica at√© a faculdade √© bem ruim.
A biblioteca n√£o √© t√£o grande quanto poderia ser.
A secretaria e a tesouraria s√£o lugares que d√£o p√¢nico em todos estudantes devido a m√° organiza√ß√£o."
55,Marcos Chagas,Conclus√£o do curso cedo tem uns bons professores boa durabilidade se for com umas durabilidade maior aumenta mais o n√≠vel de aprendizado,Aula muito avan√ßada com ead assuntos r√°pidos precisa ser mais lento mesmo sendo com menos anos precisamos aprender mais
56,Gabriella Santos,"‚Ä¢F√°cil acesso (disponibilidade de √¥nibus fretados)
‚Ä¢Otimos professores
‚Ä¢Funcionarios preparados e capacitados para resolver qualquer que seja o seu problema.","‚Ä¢atrasos para que o boleto da mensalidade seja entregue
‚Ä¢secretaria online deixa a desejar nas informa√ß√µes, poderia ser mais esclarecedora e ""atual"", numa linguagem mais ""jovial"""
57,Marcos Correia,"Agilidade no atendimento, f√°cil acesso, atendimento nota mil, tutores autamente qualificados, conte√∫do para estudos com linguagem de f√°cil entendimento, aulas presenciais produtivas.","Tudo sempre organizado, limpo e a secretaria sempre atende e supri nossas necessidades. N√£o vejo pontos negativos!"
58,Sergio Anechini,"As salas tem ar condicionado, boa ilumina√ß√£o e amplo espa√ßo, bem equipadas com sistema de som e v√≠deo, a taxa de empregabilidade do concurso e bem alta.","As cadeiras s√£o um pouco desconfort√°veis, o ambiente online poderia ser melhor, e o reajuste das mensalidades poderia ser comunicado com anteced√™ncia."
59,Caroline Avelar,"Professores bons, as turmas s√£o boas, o hor√°rio tamb√©m. Os descontos que eles d√£o ao aluno na mensalidade, s√£o √≥timos. A semana jur√≠dica √© absurdamente boa.","N√£o tem estacionamento, os funcion√°rios do campus S√£o p√©ssimos, o xerox n√£o funciona, a secret√°ria s√≥ tem uma funcion√°ria, o atendimento come√ßa a partir das 14 horas, o coordenador do curso n√£o √© presente na faculdade."
60,Jo√£o Brito,"A faculdade e muito boa, com salas amplas e bem espa√ßosas, a v√°rias pessoas em sala, com isso consigo me enturmar legal e as disciplinas lecionadas s√£o √≥timas e de f√°cil acesso, principalmente o portal online, que me oferece v√°rias coisas em um s√≥ lugar.","Existe muitos alunos nas salas, e muitas das vezes n√£o consigo prestar aten√ß√£o na aula por esta bastante longe do quadro, queria que as salas fossem um pouco menores, assim conseguiria enxergar o quadro normalmente."
61,Cayn√£ Alves,"A universidade conta com uma √≥tima organiza√ß√£o de todos os funcion√°rios, as aulas s√£o muito boas e din√¢micas, os professores ensinam bem e d√£o todo suporte necess√°rio para os alunos.","Algumas salas s√£o um pouco apertadas, mesmo com ventilador acabam ficando um pouco abafadas no calor."
62,Luciana Mendes,"Professores bem preparados e dispostos a ajudar os alunos, √≥timo laborat√≥rios e biblioteca atendendo as necessidades dos alunos, os espa√ßos est√£o sempre limpos tamb√©m.",No campus de Araraquara n√£o tem ar condicionado nas salas e algumas vezes os ventiladores n√£o refrescam muito bem e ainda tem poucos data show dispon√≠vel para os professores que nem sempre conseguem um dispon√≠vel.
63,Marcela Vieira,"Professores muito bons.
Boa did√°tica.
F√°cil acesso √†s mat√©rias.
F√°cil acesso por transporte, seja de carro ou √înibus.
Estacionamento pr√≥ximo.
Rua bem iluminada.","Falta de organiza√ß√£o.
Falta de comunica√ß√£o.
Coordenador de Curso presente apenas 2 vezes na semana.
Demora para resolu√ß√£o de problemas."
64,B√°rbara Lepore,"Estrutura grande e salas limpas e organizadas, muitos laborat√≥rio, anfiteatro, biblioteca com diversos exemplares e professores muito bons, quase sempre especializados na √°rea.","Faltam mais aulas pr√°ticas e mais viagens t√©cnicas, a estrutura da universidade √© boa, mas sempre cheia no per√≠odo noturno e a localiza√ß√£o fica prejudicada por conta do tr√¢nsitoe transporte p√∫blico."
65,Ana Marques,"Professores atenciosos, uma boa estrutura, os professores disponibilizam materiais e recursos √≥timos para complemento dos ensinos.","Um ponto negativo em particular seria a acessibilidade at√© a faculdade, e algumas dificuldades para solucionar problemas na secretaria um pouco de demora, por√©m no final resolvido."
66,Arielle Santos,"A unip possui uma excelente estrutura para manter um grande quantidade de alunos, os professores geralmente possuem qualifica√ß√£o dentro ou acima das expectativas de estudo dos alunos.
Sempre suprindo as demandas trazidos pelos alunos.","Secretario infelizmente no momento possui uma baixa quantidade de profissional para atender com presteza os alunos.
Estacionamento para universit√°rios em constru√ß√£o √† muitos anos."
67,Rhaoni Thierry,"As pessoas acham que a faculdade a dist√¢ncia √© inferior a presencial , mas isso vai de quem tem interesse e foco . Se voc√™ n√£o tem interesse e nem foco , mesmo a presencial voc√™ n√£o vai conseguir ser um profissional de qualidade .",Ainda n√£o tenho nada de negativo a dizer !
68,William Carmino,"Salas de aulas grandes e confort√°veis com ventiladores e janelas, 5 elevadores dispon√≠veis para uso dos alunos, laboratorios completos e √≥timas salas de inform√°tica.","Salas sempre lotadas, p√©ssimo atendimento nas secret√°rias, salas sem ar condicionados, valores de materiais abusivos e sem possibilidade de parcelamento, pra√ßas de alimenta√ß√£o sujas e com pre√ßos de alimentos muito altos e falta de assentos para alunos canhotos."
69,Hemerson Miranda,"√ìtima estrutura, ensino de qualidade, professores competentes e que incentivam os alunos, sala de inform√°tica supre todas as necessidades dos alunos. Al√©m da coordena√ß√£o sempre estar dispon√≠vel para os alunos.","Salas mistas, alunos de cursos e semestres diferentes na mesma sala, muitos alunos na mesma sala, o que deixa a sala bastante cheia."
70,Rafael Ramos,"Professores capacitados, √≥timos coordenadores, tem uma boa estrutura f√≠sica com ar condicionado nas salas, uma blibioteca com um bom acervo.","A estrutura existente √© boa mas limitada, faltam quadras, laborat√≥rios, e principalmente a maior falha: falta de aulas pr√°ticas!
Desorganiza√ß√£o nas mat√©ria e avalia√ß√µes online."
71,Jo√£o Tavares,"Salas de aula com Ar condicionado, Wi-Fi, ampla estrutura, os professores s√£o legais e prestativos, cont√©m campo de futebol imenso, e cantina caso n√£o leve nada para comer","A secretaria n√£o √© l√° aquelas coisas, poderia melhorar muito mais em atendimento, agilidades e destreza, demoram para providenciarem documenta√ß√£o e etc."
72,Gledson Santos,"Tem uma √≥tima localiza√ß√£o, estacionamento n√£o √© problema, pois √© enorme! Estrutura de tr√™s andares, e salas de aula bem amplas, banheiro limpos, bem como a pra√ßa de alimenta√ß√£o que √© bem grande contando com 3 boas lanchonetes, acervo liter√°rio um pouco antigo, mas bem √∫til.","O atendimento ao aluno presencial √© p√©ssima, pois a demanda √© muito grande e tem apenas uma ou duas atendentes, o tempo de atendimento √© em m√©dia 40min. a 1h de espera, os professores n√£o s√£o muito atenciosos para repassar os assuntos did√°ticos (Sem generalizar), in√∫meras vezes a representa√ß√£o de sala abriu reclama√ß√£o na coordena√ß√£o por falta de compromisso para o repasse de conte√∫do did√°tico. A parte do est√°gio presencial tamb√©m tem pouca aten√ß√£o da partes dos coordenadores, n√£o recebemos muito auxilio da parte dos professores nessa hora, ficamos perdidos nesse per√≠odo, apenas fic√°vamos sentados sem fazer quase nada."
73,Filipe Torres,"Faculdade em que uma boa localiza√ß√£o, facilitando o acesso para v√°rios municipal ao redor! Estrutura grande e espa√ßosa.","Secretaria √© unificada com outra escola, com um atendimento insatisfat√≥rio.
Valores da mensalidade acima de outras faculdades populares, principalmente na unidade Alphaville, por√©m n√£o h√° reconhecimento no mercado de trabalho."
74,Luana Volpato,"A faculdade √© parceira com o CIEE e foi atrav√©s deles que consegui um est√°gio.
Os professores s√£o super disposto a ajudar.
Gosto da localiza√ß√£o pq tem v√°rias coisas ali perto, como posto de gasolina, padaria, pizzaria e uns carrinhos de lanche, pizza, a√ßa√≠, milho...","Tem salas de v√°rios tamanhos e nem todas tem ar condicionado, algumas portas do banheiro n√£o tem tranca."
75,Arthur Oliveira,"A faculdade conta com muitos acessos para deficientes, √≥tima localiza√ß√£o e de f√°cil acesso, professores competentes e uma dire√ß√£o/coordena√ß√£o muito boa.","A escola n√£o conta com uma estrutura adequada em dias chuvosos, n√£o tem muitas √°reas cobertas externas e eventualmente molha o p√°tio todo e o extremos dos andares, em dias de chuva intensa a energia acaba e o gerador n√£o da conta de segurar nem 1hrs de energia. Sendo assim a perca de aula moment√¢nea ou at√© mesmo at√© o fim do per√≠odo de aula."
76,Let√≠cia Oliveira,"√ìtima estrutura de laborat√≥rios , disposi√ß√£o das salas bem organizada, as cl√≠nicas s√£o bem organizadas, distribuindo pacientes para todos os alunos, com secret√°rias bem capacitadas. As aulas s√£o todas com professores muito bem preparados, material did√°tico, caixas l√∫dicas nas cl√≠nicas, acesso ao material te√≥rico muito facilitado.","Os hor√°rios das aulas poderiam ser melhores, com janelas menores. Quando precisar de professores para substituir, seria bom que fossem contratados professores formados na mat√©ria."
77,Victor Monteiro,"Os professores s√£o extremamente competentes, com uma bagagem de conhecimento e experi√™ncia vasta de mercado, proporcionando assim uma ampla vis√£o de aprendizado e f√°cil acesso a oportunidades de coloca√ß√£o no mercado de trabalho, devido a network as quais eles est√£o inseridos.
O plano de ensino, envolvendo avalia√ß√µes te√≥ricas e pr√°ticas enriquecem a experi√™ncia de aprendizagem.","A universidade ainda n√£o conta com um projeto de interc√¢mbio, o que enriqueceria nosso curr√≠culo.
A falta de um laborat√≥rio de cria√ß√£o e merchandising, ainda e uma ponto que deixa a desejar!"
78,Thalles Camargo,"A faculdade ajuda bastante em procura de est√°gio, tem diversas parcerias. Professores √≥timos, salas de aulas bem espa√ßosas.","Acontece bastante erros no sistema da faculdade, mas n√£o chega a prejudicar muito o aluno. Alguns professores n√£o ligam muito de estarem ali, mas s√£o minoria."
79,Felipe Siqueira,"Conte√∫do relevante em aula, professores atenciosos e preparados. Salas de aula espa√ßosas e com ar-condicionado. Bem aceita no mercado de trabalho. Consegui est√°gio no primeiro semestre, fui efetivado no fim do segundo.","Desorganiza√ß√£o quando o assunto √© informa√ß√£o. Voc√™ consegue uma informa√ß√£o diferente a cada pessoa que voc√™ procura, isso quando consegue encontrar alguma informa√ß√£o de fato."
80,Amanda Lima,Universidade com √≥timos professores e profissionais atenciosos e qualificados para o exerc√≠cio de suas fun√ß√µes.,"Sala super lotada, com alunos em excesso, onde as minhas aulas s√£o em um audit√≥rio, tornando dif√≠cil a compreens√£o do que os professores transmitem."
81,Gabriel Ribeiro,"Bom, a Unip ja √© uma faculdade renomada h√° algum tempo, tem uma boa estrutura, al√©m de ser bem localizada e bem acess√≠vel.","Ent√£o, de pontos negativos, pra mim eu acredito que seja a imensa demora para atender pa√≠s ou alunos pelo telefone, outro dia precisava de uma informa√ß√£o e liguei o dia todo e n√£o me atenderam."
82,Lucas Santos,"Salas de aula espa√ßosas e limpas com ar condicionado, e com banheiros e bebedouros pr√≥ximos, boa acessibilidade com rampas e elevadores.","Alguns pr√©dios mais antigos n√£o s√£o bem limpos, al√©m de serem bem afastados da entrada, e em algumas salas o ar condicionado n√£o funciona."
83,Marcos Bezerra,"Excelente Faculdade de ensino a distancia, bons professores bem capacitado, recomendo a todos que queira curso um ensino superior a distancia.","Estruturo interna podia melhorar , mais rapidez no atendimento, mais clareza nas informa√ß√£o que s√£o passadas aos alunos, podia melhorar um pouco na quest√£o das horas ministrada em sala de aula acho que 01:40 e muito pouco para um curso superior a distancia como o meu engenharia, podia aumenta mas na mensalidade para ter um bom aprendizado."
84,Beatriz Fran√ßa,"√ìtimos professores e professoras, ensino nota 10, equipe sempre atenciosa, a biblioteca tem uma grande disponibilidade de obras.",Nunca tive problemas relevantes com a institui√ß√£o.
85,Lais Ferreira,"Pre√ßos de cursos s√£o bem acess√≠veis e hor√°rios das aulas tamb√©m, facilitando para quem trabalha o dia inteiro.","O espa√ßo do Campus da 13 de maio √© muito pequeno, tanto o pr√©dio e tamb√©m as salas, muitas cadeiras uma em cima da outra. Secretaria com poucos funcion√°rios para atender a demanda de alunos, causando filas enormes e tempo de espera tamb√©m, principalmente in√≠cio de semestre."
86,Ricardo Pereira,"A UniP √© muito boa, tem uma √≥tima pol√≠tica com os alunos e sua estrutura √© incr√≠vel. Professores muito bem preparados e com uma dedica√ß√£o ao aluno √≠mpar. Todos os profissionais que nela trabalham muito bem educados e um √≥timo atendimento.","Melhorar a internet wifi, ter mais livros na biblioteca, disponibilizar mais laborat√≥rios para a pr√°tica e dar a independ√™ncia a cada institui√ß√£o de cada estado."
87,Thaiany Oliveira,"Salas espa√ßosas, √≥timos professores, grandr possibilidade de empregos, a pr√≥pria faculdade oferece grandes vagas de est√°gio","Secretaria muitas vezes n√£o resolve as solu√ß√µes adequadamente, elevadores as vezes se encontram quebrados."
88,Mariane Alves,"Rapida emiss√£o da carteirinha e atendimento √°gil. Professores capacitados em suas materias, espa√ßo amplo, com varias √°reas de estudo, biblioteca bem organizada e com tds os livros indicados pelos professores.",As catracas costuma travar e dificultar nossa entrada e saida da faculdade. Poucos elevadores pela grande quantidade de alunos
89,Leticia Furlan,"Os pontos positivos da faculdade seriam os professores que s√£o de extrema import√¢ncia para n√≥s alunos, a qualidade da mat√©ria, s√£o 100% profissionais e claro, nunca tive problema nenhum em rela√ß√£o a isso. A infraestrutura √© √≥tima, a biblioteca √© maravilhosa, lugar aconchegante, silencioso, tranquilo. As salas s√£o √≥timas, s√£o de tamanho √≥timo para agrupar os alunos adequadamente! Sem contar a secret√°ria que atende todas as nossas necessidades !","Um dos pontos negativos da faculdade seria que a mesma tem uma localiza√ß√£o mais afastada de toda a cidade, por√©m n√£o trocaria ela por nada. E o outro ponto negativo seria que a secretaria fecha mais cedo que o esperado.

Vale ressaltar que temos mais pontos positivos do que negativos !!!"
